id,Strength
5407,50
5408,13.84
5409,34.23
5410,49.33
5411,28.15
5412,38.88
5413,31.95
5414,15.98
5415,47.38
5416,41.75
5417,41.82
5418,49.62
5419,47.27
5420,44.63
5421,30.53
5422,31.67
5423,48.54
5424,45.36
5425,39.07
5426,47.79
5427,26.54
5428,27.5
5429,27.84
5430,19.62
5431,16.51
5432,46.41
5433,13.87
5434,41.07
5435,40.88
5436,34.2
5437,41.7
5438,29.38
5439,45.12
5440,33.98
5441,13.04
5442,43.75
5443,34.75
5444,34.81
5445,13.81
5446,43.72
5447,39.81
5448,32.02
5449,49.64
5450,42.95
5451,47.98
5452,16.82
5453,34.83
5454,34.02
5455,41.61
5456,34.02
5457,15.8
5458,37.26
5459,18.77
5460,31.82
5461,20.81
5462,16.93
5463,31.55
5464,34.53
5465,47.07
5466,42.79
5467,42.85
5468,27.21
5469,34.83
5470,28.13
5471,33.52
5472,26.56
5473,18.22
5474,44.92
5475,13.54
5476,42.79
5477,42.57
5478,38.81
5479,17.4
5480,37.96
5481,37.64
5482,34.24
5483,34.53
5484,42.52
5485,44.69
5486,46.62
5487,42.28
5488,38.87
5489,50.23
5490,41.17
5491,38.4
5492,48.99
5493,33.92
5494,40.66
5495,20.01
5496,43.83
5497,37.77
5498,40.1
5499,44.54
5500,22.04
5501,21.79
5502,38.56
5503,31.52
5504,49.66
5505,35.4
5506,41.6
5507,43.33
5508,31.67
5509,39.04
5510,41.39
5511,37.91
5512,14.94
5513,46.19
5514,26
5515,37.73
5516,48.39
5517,38.76
5518,42.85
5519,15.41
5520,48.38
5521,38.61
5522,23.29
5523,39.84
5524,26
5525,26.07
5526,27.14
5527,37.78
5528,22.93
5529,48.05
5530,43.12
5531,46.99
5532,54.03
5533,18.77
5534,45.03
5535,25.15
5536,45.85
5537,25.91
5538,40.21
5539,17
5540,33.76
5541,40.31
5542,24.47
5543,51.03
5544,12.73
5545,30.73
5546,45.13
5547,24.91
5548,28.05
5549,17.92
5550,35.28
5551,35.48
5552,28.13
5553,34.17
5554,24.63
5555,44.37
5556,35.18
5557,44.37
5558,14.56
5559,47.99
5560,27.21
5561,35.48
5562,48.09
5563,34.85
5564,39.52
5565,39.45
5566,36.86
5567,27.54
5568,44.76
5569,44.41
5570,23.18
5571,26.12
5572,15.8
5573,37.26
5574,36.22
5575,27.65
5576,31.68
5577,37.36
5578,38.35
5579,40.14
5580,39.69
5581,41.44
5582,37.83
5583,40.14
5584,44.46
5585,47.43
5586,14.66
5587,45.66
5588,24.73
5589,15.21
5590,30.52
5591,46.61
5592,39.45
5593,39.82
5594,41.44
5595,40.5
5596,46.69
5597,34.55
5598,30.22
5599,12.62
5600,26.76
5601,39.52
5602,40.98
5603,37.7
5604,31.15
5605,27.6
5606,35.46
5607,31.62
5608,41.61
5609,36.93
5610,34.9
5611,29.18
5612,36.87
5613,14.77
5614,36.6
5615,33.35
5616,14.35
5617,38.15
5618,17.29
5619,15.84
5620,50.28
5621,20.51
5622,42.11
5623,13.93
5624,27.61
5625,34.58
5626,22.04
5627,46.61
5628,17.71
5629,36.96
5630,40.53
5631,51.66
5632,40.78
5633,35.44
5634,22.75
5635,28.25
5636,15.8
5637,35.08
5638,22.04
5639,41.77
5640,38.57
5641,15.21
5642,40.87
5643,24.73
5644,45.79
5645,48.38
5646,17.03
5647,38.38
5648,20.24
5649,34.81
5650,41.31
5651,31.92
5652,38.05
5653,35.44
5654,53.33
5655,32.76
5656,25.29
5657,43.33
5658,16.9
5659,13.11
5660,41.87
5661,42.64
5662,42.48
5663,39.38
5664,46.33
5665,48.38
5666,21.33
5667,27.14
5668,25.85
5669,29.3
5670,13.43
5671,34.36
5672,41.88
5673,28.13
5674,29.79
5675,15.84
5676,48.05
5677,43.18
5678,49.64
5679,14.66
5680,41.87
5681,36.27
5682,44.96
5683,36.48
5684,56.2
5685,39.13
5686,34.64
5687,44.47
5688,40.43
5689,47.91
5690,39.09
5691,45.77
5692,46.99
5693,48.05
5694,16.9
5695,33.8
5696,41.83
5697,35.05
5698,47.14
5699,46.69
5700,36.76
5701,19.43
5702,37.22
5703,27.6
5704,20.1
5705,46.27
5706,51.18
5707,46.61
5708,41.25
5709,40.96
5710,37.52
5711,22.22
5712,19.59
5713,48.38
5714,47.91
5715,22.36
5716,20.36
5717,24.53
5718,34.86
5719,34.85
5720,42.11
5721,52
5722,24.81
5723,45.41
5724,38.83
5725,32.74
5726,29.69
5727,39.05
5728,13.41
5729,40.14
5730,43.6
5731,45.4
5732,13.64
5733,39.24
5734,36.33
5735,19.18
5736,44.47
5737,16.12
5738,39.61
5739,47.96
5740,33.22
5741,20.24
5742,37.99
5743,15.49
5744,16.7
5745,48.05
5746,34.41
5747,44.71
5748,39.92
5749,38.64
5750,35.76
5751,18.01
5752,33.39
5753,22.22
5754,27.96
5755,58.44
5756,38.61
5757,42.26
5758,17.92
5759,24.25
5760,24.73
5761,35.64
5762,16.9
5763,14.1
5764,50.35
5765,28.13
5766,15.22
5767,26.52
5768,15.16
5769,39.27
5770,38.61
5771,30.34
5772,42.85
5773,25.99
5774,39.13
5775,40.78
5776,27.03
5777,42.89
5778,15.22
5779,41.87
5780,41.48
5781,26.85
5782,47.62
5783,24.46
5784,36.16
5785,47.91
5786,15.3
5787,43.82
5788,36.13
5789,45.94
5790,26.49
5791,16.09
5792,19.95
5793,28.37
5794,39.76
5795,48.51
5796,48.9
5797,44.93
5798,47.25
5799,13.56
5800,18.84
5801,19.03
5802,46.95
5803,39.26
5804,40.97
5805,35.08
5806,16.05
5807,39.21
5808,52.39
5809,27.27
5810,19.68
5811,32.92
5812,40.33
5813,47.78
5814,30.55
5815,35.3
5816,43.88
5817,48.24
5818,16.09
5819,40.52
5820,41.57
5821,35.49
5822,35.73
5823,35.67
5824,35.28
5825,43.49
5826,28.1
5827,14.35
5828,42.35
5829,14.98
5830,14.94
5831,40.34
5832,16.09
5833,46.59
5834,30.31
5835,42.27
5836,29.94
5837,34.03
5838,39.97
5839,14.1
5840,38.35
5841,40.41
5842,43.19
5843,36.16
5844,58.7
5845,19.02
5846,34.85
5847,25.88
5848,31.66
5849,39.26
5850,14.94
5851,38.83
5852,36.08
5853,47.24
5854,36.48
5855,14.72
5856,38.86
5857,22.29
5858,46.61
5859,15.38
5860,22.29
5861,43.35
5862,46.62
5863,35.3
5864,43.82
5865,21.74
5866,36.98
5867,43.14
5868,39.77
5869,27.96
5870,14.81
5871,35.07
5872,14.35
5873,39.21
5874,43.68
5875,36.96
5876,52.62
5877,46.63
5878,28.04
5879,13.89
5880,52.24
5881,25.97
5882,34.85
5883,46.92
5884,44.61
5885,36.76
5886,36.14
5887,35.73
5888,40.29
5889,34.86
5890,39.56
5891,50.16
5892,34.87
5893,46.54
5894,47.45
5895,45.79
5896,13.04
5897,54.9
5898,17.18
5899,48.24
5900,37.28
5901,25.52
5902,49.25
5903,37.39
5904,47.46
5905,25.04
5906,42.35
5907,34.71
5908,35.3
5909,44.3
5910,45.9
5911,49.25
5912,44.3
5913,53.5
5914,44.3
5915,41.03
5916,32.68
5917,37.24
5918,38.67
5919,34.58
5920,40.28
5921,50.9
5922,41.55
5923,15.03
5924,41.77
5925,34.85
5926,37.22
5927,40.44
5928,22.29
5929,41.86
5930,26.94
5931,19.47
5932,19.25
5933,34.68
5934,49.45
5935,33.61
5936,39.58
5937,36.96
5938,51.05
5939,31.42
5940,42.85
5941,31.68
5942,42.04
5943,47.71
5944,46.45
5945,38.19
5946,35.69
5947,48.14
5948,20.17
5949,36.96
5950,42.24
5951,15.55
5952,40.44
5953,30.03
5954,51.04
5955,29.86
5956,41.25
5957,34
5958,30.65
5959,22.22
5960,42.96
5961,31.16
5962,15.16
5963,32.25
5964,41.51
5965,15.77
5966,34.4
5967,21.31
5968,38.24
5969,42.68
5970,22.12
5971,46.26
5972,40.97
5973,41.61
5974,29.15
5975,14.66
5976,45.13
5977,44.3
5978,34.3
5979,27.84
5980,33.21
5981,32.59
5982,31.68
5983,39.53
5984,55.06
5985,42.18
5986,34.67
5987,44.93
5988,42.65
5989,27.15
5990,48.51
5991,48
5992,41.99
5993,40.33
5994,29.86
5995,33.68
5996,48.97
5997,15.16
5998,15.23
5999,25.86
6000,48.51
6001,40.97
6002,41.59
6003,24.7
6004,35.73
6005,24.7
6006,47.24
6007,18.41
6008,50.77
6009,36.88
6010,15.33
6011,26.12
6012,47.52
6013,48.12
6014,58.24
6015,17.3
6016,26.42
6017,42.38
6018,43.48
6019,26.99
6020,34.52
6021,13.34
6022,34.71
6023,18.84
6024,52.94
6025,41.23
6026,48.51
6027,39.37
6028,15.82
6029,17.75
6030,28.89
6031,46.45
6032,27.54
6033,46.48
6034,38.58
6035,48.59
6036,42.27
6037,29.52
6038,38.63
6039,48.13
6040,23.84
6041,56.99
6042,40.57
6043,48.5
6044,16.35
6045,34.91
6046,38.74
6047,52.2
6048,42.6
6049,35.45
6050,47.23
6051,37.03
6052,44.3
6053,32.5
6054,19.54
6055,39.16
6056,45.9
6057,21.24
6058,32.36
6059,17.47
6060,21.02
6061,35.69
6062,34.54
6063,27.02
6064,43.1
6065,53.51
6066,21.86
6067,31.97
6068,34.9
6069,38.86
6070,38.64
6071,34.95
6072,13.33
6073,27.34
6074,35.17
6075,28.4
6076,50.17
6077,41.04
6078,35.3
6079,39.46
6080,41.82
6081,45.1
6082,34.64
6083,26.03
6084,15.82
6085,57.64
6086,34.34
6087,15.69
6088,36.31
6089,20.68
6090,37.92
6091,31.46
6092,37.4
6093,40.3
6094,52.94
6095,34.21
6096,46.75
6097,46.5
6098,39.46
6099,38.63
6100,40.17
6101,28.11
6102,48.06
6103,34.67
6104,42.61
6105,34.61
6106,34.3
6107,49.96
6108,41.22
6109,27.22
6110,38.66
6111,42.67
6112,46.18
6113,28.67
6114,50.27
6115,15.85
6116,32.35
6117,48.81
6118,43.72
6119,32.46
6120,14.17
6121,54.21
6122,41.61
6123,28.14
6124,20.61
6125,59.99
6126,35.07
6127,44.83
6128,43.29
6129,29.91
6130,36.05
6131,44.3
6132,26.11
6133,27.78
6134,30.13
6135,42.59
6136,35.09
6137,15.33
6138,28.59
6139,42.28
6140,45.9
6141,36.18
6142,59.99
6143,28.05
6144,26.48
6145,47.82
6146,55.97
6147,31.92
6148,36.13
6149,36.39
6150,17.45
6151,45.49
6152,28.67
6153,44.92
6154,47.65
6155,46.99
6156,42.25
6157,22.57
6158,44.64
6159,34.3
6160,50.27
6161,46.61
6162,32.44
6163,34.31
6164,47.24
6165,17.83
6166,43.15
6167,42.27
6168,36.95
6169,18.9
6170,39.27
6171,26.11
6172,43.59
6173,36.05
6174,17.47
6175,31.92
6176,37.52
6177,49.17
6178,30.26
6179,17.54
6180,37.3
6181,42.49
6182,42.68
6183,36.42
6184,13.92
6185,38.86
6186,21.59
6187,42.18
6188,43.22
6189,35.2
6190,42.68
6191,32.69
6192,35.73
6193,38.86
6194,42.27
6195,44.3
6196,44.02
6197,34.72
6198,51.53
6199,30.19
6200,39.25
6201,33.35
6202,35.09
6203,34.58
6204,38.55
6205,49.15
6206,48.6
6207,33.63
6208,34.79
6209,34.79
6210,41.06
6211,53.87
6212,49.62
6213,27.52
6214,42.15
6215,25.35
6216,19.09
6217,45.51
6218,47.28
6219,47.91
6220,49.29
6221,38.68
6222,47.91
6223,42.97
6224,48.53
6225,37.11
6226,49
6227,27.02
6228,35.63
6229,26.84
6230,46.4
6231,34.57
6232,26.15
6233,34.2
6234,34.23
6235,42.23
6236,25.25
6237,47.7
6238,35.62
6239,33.85
6240,27.82
6241,27.17
6242,37.43
6243,16.29
6244,47.12
6245,50.23
6246,38.72
6247,34.34
6248,30.16
6249,35.13
6250,25.33
6251,49.89
6252,46.43
6253,57.33
6254,43.17
6255,26.65
6256,36.37
6257,38.12
6258,38.88
6259,33.67
6260,15.75
6261,36.65
6262,38.79
6263,30.88
6264,38.25
6265,45.7
6266,19.22
6267,41.51
6268,15.81
6269,42.61
6270,24.95
6271,15.18
6272,42.26
6273,37.5
6274,28.3
6275,36.57
6276,14.4
6277,31.65
6278,20.76
6279,16.17
6280,38.76
6281,26.18
6282,46.26
6283,38.76
6284,19.22
6285,50.23
6286,31.09
6287,42.6
6288,35.35
6289,47.15
6290,42.97
6291,44.9
6292,16.29
6293,45.15
6294,49.58
6295,39.66
6296,37.35
6297,34.26
6298,37.75
6299,44.69
6300,13.86
6301,26.56
6302,34.12
6303,16.29
6304,49.58
6305,42.16
6306,42.52
6307,34.99
6308,42.26
6309,31.71
6310,46.9
6311,19
6312,40.87
6313,47.77
6314,48.16
6315,32.44
6316,22.39
6317,48.43
6318,20.01
6319,45.94
6320,43.83
6321,39.17
6322,42.05
6323,18.59
6324,45.48
6325,40.21
6326,21.99
6327,29.04
6328,47.9
6329,27.68
6330,14.07
6331,32.29
6332,37.09
6333,21.99
6334,39.08
6335,23.87
6336,14.97
6337,19.85
6338,24.95
6339,30.14
6340,44.71
6341,42.05
6342,42.01
6343,50.79
6344,29.44
6345,48.82
6346,34.76
6347,42.55
6348,34.26
6349,17.29
6350,39.3
6351,19.32
6352,41.71
6353,16.01
6354,39.36
6355,36.29
6356,45.41
6357,18.03
6358,42.94
6359,20.18
6360,42.58
6361,35.95
6362,42.55
6363,36.16
6364,56.08
6365,26.18
6366,42.1
6367,18.59
6368,41.24
6369,17.35
6370,44.19
6371,39.27
6372,41.74
6373,30.88
6374,32.66
6375,22.77
6376,52.93
6377,16.29
6378,50.78
6379,35
6380,48.2
6381,43.41
6382,35.05
6383,56.42
6384,43.04
6385,34.89
6386,27.39
6387,41.74
6388,15.14
6389,14.48
6390,47.56
6391,50.12
6392,49.62
6393,41.46
6394,46.82
6395,21.72
6396,46.11
6397,42.53
6398,31.62
6399,51.19
6400,43.41
6401,41.45
6402,43.42
6403,45.68
6404,35.06
6405,38.76
6406,17.44
6407,28.34
6408,21.71
6409,16.29
6410,36.28
6411,34.59
6412,27.42
6413,37.9
6414,33.13
6415,47.75
6416,41.52
6417,42.4
6418,28.57
6419,35.15
6420,15.26
6421,34.69
6422,54.56
6423,17.29
6424,17.35
6425,41.4
6426,43.31
6427,56.22
6428,24.46
6429,43.31
6430,20.56
6431,36.8
6432,48.47
6433,43.21
6434,42.58
6435,43.04
6436,20.76
6437,41.79
6438,19.61
6439,44.12
6440,54.14
6441,16.32
6442,34.2
6443,19.63
6444,33.42
6445,32.67
6446,16.34
6447,17.29
6448,36.94
6449,38.89
6450,32.88
6451,45.82
6452,43.8
6453,38.12
6454,43.46
6455,29.75
6456,45.58
6457,40.56
6458,17.35
6459,15.52
6460,44.01
6461,48.43
6462,33.9
6463,30.25
6464,35.74
6465,34.7
6466,36.94
6467,35.63
6468,15.35
6469,43.37
6470,45.85
6471,49.17
6472,27.06
6473,19.98
6474,35.41
6475,41.31
6476,45.82
6477,34.59
6478,31.61
6479,23.74
6480,42.94
6481,20.58
6482,41.69
6483,18.24
6484,42.65
6485,42.58
6486,33.27
6487,30.26
6488,62.43
6489,42.53
6490,38.76
6491,46.35
6492,25.13
6493,14.99
6494,16.29
6495,45.68
6496,38.76
6497,35.01
6498,42.63
6499,39.36
6500,18.92
6501,38.53
6502,37.26
6503,49.98
6504,42.26
6505,45.48
6506,50.74
6507,53.41
6508,33.42
6509,46.28
6510,40.38
6511,31.71
6512,44.22
6513,35.71
6514,33.53
6515,19.09
6516,42.72
6517,34.2
6518,35.42
6519,42.52
6520,36.82
6521,40.36
6522,36.92
6523,38.76
6524,36.94
6525,27.42
6526,34.06
6527,27.5
6528,47.52
6529,30.71
6530,21.89
6531,47.32
6532,15.04
6533,43.76
6534,37.11
6535,45.98
6536,29.97
6537,34.99
6538,35.2
6539,29.16
6540,34.12
6541,26.56
6542,38.76
6543,43.6
6544,41.51
6545,20.34
6546,33.62
6547,37.46
6548,38.74
6549,45.92
6550,30.1
6551,37.67
6552,24.99
6553,28.57
6554,23.36
6555,37.5
6556,41.33
6557,39.06
6558,30.8
6559,42.43
6560,40.64
6561,47.72
6562,39.36
6563,28.57
6564,53.24
6565,33.82
6566,15.65
6567,34.48
6568,41.88
6569,39.17
6570,47.38
6571,43.22
6572,39.27
6573,27.69
6574,46.8
6575,22.59
6576,40.16
6577,34.57
6578,24.95
6579,38.61
6580,38.02
6581,18.06
6582,41.32
6583,14.86
6584,32.24
6585,42.72
6586,34.79
6587,35.34
6588,44.3
6589,39.08
6590,47.97
6591,45.66
6592,43.02
6593,36.61
6594,38.8
6595,41.82
6596,39.9
6597,36.05
6598,37.68
6599,41.45
6600,36.37
6601,36.11
6602,41.07
6603,35.67
6604,20.4
6605,28.14
6606,44.18
6607,16.82
6608,16.48
6609,37.84
6610,36.91
6611,44.36
6612,17.22
6613,46.36
6614,47.99
6615,37.68
6616,49.79
6617,34.28
6618,16.36
6619,41.56
6620,16.24
6621,42.6
6622,42.59
6623,43.3
6624,26.66
6625,52.25
6626,20.96
6627,23.82
6628,47.97
6629,26.95
6630,34.65
6631,20.25
6632,44.3
6633,15.53
6634,34.59
6635,50.28
6636,24.74
6637,29.99
6638,34.34
6639,34.28
6640,29.79
6641,15.23
6642,38.86
6643,27.79
6644,49.79
6645,46.28
6646,32.09
6647,32.46
6648,47.25
6649,44.62
6650,44.71
6651,15.11
6652,42.6
6653,38.07
6654,30.13
6655,51.18
6656,24.42
6657,42.6
6658,37.37
6659,35.07
6660,42.71
6661,31.71
6662,42.97
6663,46.36
6664,34.52
6665,38.61
6666,25.84
6667,53.56
6668,50.28
6669,38.84
6670,26.22
6671,48.34
6672,30.22
6673,55.29
6674,49.46
6675,32.51
6676,31.71
6677,34.25
6678,34.69
6679,42.9
6680,34.84
6681,13.74
6682,16.36
6683,34.25
6684,46.03
6685,58.85
6686,42.6
6687,45.55
6688,47.61
6689,15.88
6690,28.65
6691,20.82
6692,47.63
6693,42.81
6694,40.86
6695,42.59
6696,38.73
6697,48.56
6698,42.72
6699,43.84
6700,17.6
6701,27.5
6702,50.74
6703,35.15
6704,50.87
6705,42.59
6706,26.19
6707,27.78
6708,26.74
6709,44.71
6710,29.88
6711,19.12
6712,13.55
6713,34.55
6714,46.07
6715,27.69
6716,35.38
6717,42.18
6718,33.88
6719,34.55
6720,62.89
6721,16.43
6722,20.58
6723,49.17
6724,38.42
6725,19.66
6726,41.39
6727,33.61
6728,47.97
6729,41.82
6730,44.3
6731,34.01
6732,47.41
6733,34.25
6734,41.79
6735,19.53
6736,30.21
6737,41.45
6738,38.4
6739,46.6
6740,48.06
6741,30.22
6742,40.38
6743,41.79
6744,43.02
6745,36.11
6746,36.45
6747,24.78
6748,15.88
6749,48.56
6750,35.28
6751,45.89
6752,33.13
6753,26.06
6754,17.84
6755,40.55
6756,44.3
6757,35.67
6758,38.26
6759,38.8
6760,22.28
6761,34.56
6762,41.32
6763,32.79
6764,20.78
6765,25.84
6766,35.22
6767,57.59
6768,41.83
6769,35.7
6770,35.67
6771,46.29
6772,47.97
6773,35.67
6774,19.31
6775,37.06
6776,14.83
6777,34.23
6778,50.87
6779,41.15
6780,13.67
6781,56.16
6782,32.45
6783,34.39
6784,28.76
6785,13.26
6786,44.3
6787,45.66
6788,28.01
6789,28.96
6790,34.93
6791,45.56
6792,34.75
6793,35.21
6794,46.85
6795,45.59
6796,15.95
6797,28.48
6798,15.92
6799,42.73
6800,42.7
6801,51.16
6802,32.72
6803,41.23
6804,62.75
6805,15.56
6806,27.31
6807,36.72
6808,49.31
6809,37.1
6810,32.71
6811,26.17
6812,35.53
6813,34.66
6814,38.96
6815,15.08
6816,25.71
6817,36.54
6818,15.14
6819,35.57
6820,35.14
6821,30.37
6822,17.29
6823,39.3
6824,36.2
6825,37.41
6826,25.26
6827,25.26
6828,34.42
6829,58.06
6830,51.69
6831,35.09
6832,54.23
6833,47.46
6834,46.43
6835,18.65
6836,34.25
6837,58.85
6838,26.53
6839,38.64
6840,29.38
6841,32.11
6842,31.58
6843,38.69
6844,36.39
6845,17.68
6846,22.62
6847,34.59
6848,36.24
6849,47.63
6850,15.01
6851,27.98
6852,38.47
6853,29.84
6854,44.36
6855,48.55
6856,36.94
6857,41.92
6858,40
6859,37.88
6860,36.24
6861,33.62
6862,27.55
6863,17.52
6864,41.24
6865,43.11
6866,53.31
6867,28.04
6868,25.11
6869,34.42
6870,46.75
6871,40.99
6872,46.36
6873,41.28
6874,41.32
6875,39.6
6876,36.72
6877,14.64
6878,44.3
6879,17.25
6880,48.34
6881,43.45
6882,35.57
6883,26.09
6884,37.82
6885,37.56
6886,22.86
6887,52.94
6888,42.24
6889,47.26
6890,56.81
6891,41.64
6892,41.32
6893,42.7
6894,35.09
6895,58.91
6896,16.23
6897,36.24
6898,41.88
6899,23.02
6900,30.67
6901,15.09
6902,45.56
6903,21.93
6904,38.06
6905,44.72
6906,39.54
6907,17.09
6908,35.57
6909,20.86
6910,34.15
6911,39.22
6912,42.17
6913,16.23
6914,50.28
6915,35.22
6916,34.75
6917,18.86
6918,28.27
6919,35.19
6920,34.47
6921,43.53
6922,36.04
6923,30.09
6924,51.9
6925,47.04
6926,34.39
6927,38.66
6928,41.64
6929,47.9
6930,42.54
6931,14.3
6932,40.69
6933,36.14
6934,35.57
6935,34.7
6936,17.59
6937,33.46
6938,49.98
6939,42.62
6940,25.18
6941,27.37
6942,15.12
6943,40.51
6944,44.05
6945,21.01
6946,53.26
6947,47.25
6948,36.96
6949,31.33
6950,43.82
6951,34.15
6952,34.12
6953,43.82
6954,32.3
6955,49.27
6956,32.37
6957,29.15
6958,40.99
6959,16.28
6960,44.99
6961,47.25
6962,14.98
6963,34.52
6964,52.02
6965,36.6
6966,51.69
6967,44.18
6968,32.08
6969,33.01
6970,31.89
6971,35.57
6972,37.48
6973,58.28
6974,34.42
6975,22.2
6976,44.03
6977,41.88
6978,26.41
6979,47.48
6980,27.12
6981,19.45
6982,41.83
6983,32.2
6984,38.7
6985,37.81
6986,37.99
6987,52.98
6988,42.05
6989,46.06
6990,34.96
6991,44.3
6992,48.59
6993,36.82
6994,35.48
6995,51.12
6996,14.5
6997,46.21
6998,47.6
6999,14.5
7000,47.25
7001,15.59
7002,17.32
7003,13.19
7004,33.72
7005,15.75
7006,29.72
7007,37.86
7008,40.76
7009,17.09
7010,42.33
7011,21.84
7012,51.71
7013,39.08
7014,48.7
7015,32.68
7016,43.88
7017,44.3
7018,55.22
7019,47.32
7020,28.49
7021,26.39
7022,33.53
7023,34.22
7024,35.97
7025,41.92
7026,37.06
7027,26.41
7028,35.03
7029,32.3
7030,16.23
7031,45.66
7032,44.62
7033,35.53
7034,24.64
7035,33.66
7036,18.69
7037,38.7
7038,27.29
7039,34.42
7040,43.06
7041,34.11
7042,35.29
7043,32.87
7044,48.38
7045,34.52
7046,35.29
7047,42.82
7048,51.16
7049,43.02
7050,35.35
7051,49.43
7052,43.35
7053,41.92
7054,15.75
7055,30.41
7056,34.43
7057,16.23
7058,43.74
7059,35.3
7060,50.28
7061,44.3
7062,48.83
7063,44.02
7064,38.94
7065,17.7
7066,34.11
7067,40.38
7068,39.74
7069,15.8
7070,20.26
7071,27.76
7072,42.6
7073,48.69
7074,34.42
7075,37.5
7076,32.45
7077,48.63
7078,21.62
7079,48.37
7080,34.93
7081,38.08
7082,31.58
7083,37.15
7084,39.74
7085,27.68
7086,42.46
7087,42.66
7088,38.7
7089,38.7
7090,15.08
7091,28.04
7092,37.4
7093,36.21
7094,41.32
7095,48.29
7096,34.52
7097,37.54
7098,31.58
7099,43.85
7100,27.77
7101,30.15
7102,38.07
7103,46.85
7104,40.76
7105,16.23
7106,39.3
7107,42.98
7108,41.5
7109,45.39
7110,49.49
7111,42.18
7112,43.57
7113,37.23
7114,27.98
7115,14.24
7116,50.54
7117,32.11
7118,16.19
7119,27.22
7120,49.36
7121,39.45
7122,17.59
7123,48.92
7124,24.9
7125,50.54
7126,42.6
7127,48.39
7128,27.98
7129,35.29
7130,46.19
7131,49.55
7132,38.06
7133,39.12
7134,42.66
7135,36.07
7136,46.63
7137,18.41
7138,52.24
7139,38.45
7140,36.63
7141,35.92
7142,50.62
7143,34
7144,35.16
7145,15.8
7146,40.99
7147,36.86
7148,39.11
7149,36.71
7150,41.66
7151,37.79
7152,15.92
7153,21.65
7154,37.99
7155,41.96
7156,56.05
7157,45.56
7158,55.56
7159,33.63
7160,46.62
7161,37.33
7162,38.7
7163,45.27
7164,36.07
7165,32.43
7166,34.74
7167,35.35
7168,33.91
7169,35.57
7170,48.57
7171,21.65
7172,48.74
7173,43.1
7174,43.82
7175,51.69
7176,40.68
7177,31.58
7178,21.62
7179,43.58
7180,16.53
7181,36.88
7182,41.91
7183,30.86
7184,16.87
7185,63.62
7186,23.6
7187,42.6
7188,24.55
7189,16.23
7190,15.36
7191,35.57
7192,47.3
7193,35.87
7194,40.62
7195,34.43
7196,47.46
7197,38.7
7198,45.39
7199,33.52
7200,42.24
7201,43.02
7202,36.88
7203,35.53
7204,27.09
7205,29.69
7206,13.81
7207,43.39
7208,38.7
7209,34.96
7210,59.68
7211,14.55
7212,32.57
7213,15.66
7214,34.75
7215,34.7
7216,14.8
7217,48.92
7218,27.28
7219,34.47
7220,14.82
7221,32.45
7222,44.17
7223,48.5
7224,40.88
7225,27.77
7226,38.7
7227,24.73
7228,17.32
7229,32.11
7230,27.68
7231,43.13
7232,47.14
7233,21.31
7234,15.59
7235,32.92
7236,43.64
7237,19.36
7238,34.21
7239,47.66
7240,15.86
7241,19.86
7242,54.05
7243,28.15
7244,37.97
7245,47.77
7246,28.12
7247,43.41
7248,32.62
7249,45.58
7250,39.52
7251,31.94
7252,45.89
7253,43.96
7254,22
7255,43.52
7256,52.76
7257,44.05
7258,47.91
7259,50.25
7260,29.63
7261,47.97
7262,33.65
7263,58.23
7264,37.23
7265,38.29
7266,49.01
7267,43.1
7268,43.04
7269,24.74
7270,39.02
7271,47.67
7272,28.36
7273,33.65
7274,25.22
7275,44.52
7276,55.41
7277,45.56
7278,45.13
7279,42.09
7280,44
7281,47.12
7282,45.91
7283,34.97
7284,34.19
7285,36.21
7286,39.66
7287,17.67
7288,39.28
7289,21.58
7290,43.73
7291,44.09
7292,20.76
7293,31.4
7294,46.38
7295,24.89
7296,15.9
7297,38.37
7298,40.02
7299,25.76
7300,41.16
7301,33.59
7302,38.37
7303,43.89
7304,50.58
7305,40.7
7306,27.09
7307,26.98
7308,43.04
7309,41.71
7310,45.04
7311,41.91
7312,47.03
7313,21.45
7314,28.23
7315,18.68
7316,34.87
7317,41.71
7318,34.29
7319,46.69
7320,44.29
7321,40.27
7322,54.72
7323,22.34
7324,42.28
7325,16.96
7326,40.7
7327,39.37
7328,26.41
7329,41.4
7330,28.19
7331,41.92
7332,38.34
7333,42.09
7334,14.83
7335,40.7
7336,28.08
7337,31.23
7338,27.81
7339,34.19
7340,22.71
7341,44
7342,42.69
7343,45.82
7344,35.67
7345,45.41
7346,17.25
7347,33.77
7348,50.57
7349,27.77
7350,14.53
7351,26.26
7352,21.56
7353,35.19
7354,37.72
7355,49.41
7356,45.85
7357,35.78
7358,35.12
7359,33.96
7360,34.34
7361,49.89
7362,37.95
7363,42.68
7364,59.46
7365,31.84
7366,42.37
7367,47.89
7368,28.07
7369,34.82
7370,15.44
7371,41.29
7372,41.66
7373,14.53
7374,25.12
7375,37.46
7376,34.15
7377,47.42
7378,34.18
7379,15
7380,14.43
7381,34.99
7382,14.39
7383,44.74
7384,26.5
7385,21.31
7386,37.96
7387,40.6
7388,34.76
7389,39.76
7390,29.25
7391,20.81
7392,27.39
7393,46.07
7394,35.26
7395,34.78
7396,45.4
7397,39.59
7398,44.98
7399,23.05
7400,36.27
7401,37.95
7402,46.44
7403,46.47
7404,14.53
7405,45.13
7406,34.82
7407,43.1
7408,28.22
7409,39.95
7410,15.23
7411,21.67
7412,16.16
7413,38.52
7414,19.85
7415,46.12
7416,37
7417,32.25
7418,43.42
7419,22.47
7420,38.84
7421,34.41
7422,41.4
7423,42.2
7424,24.7
7425,17.34
7426,39.81
7427,47.65
7428,24.73
7429,36.08
7430,49.59
7431,44.06
7432,45.88
7433,47.19
7434,57.35
7435,37.4
7436,32.89
7437,27.77
7438,33.83
7439,37.06
7440,36.29
7441,44.84
7442,39.52
7443,46.64
7444,15.01
7445,30.33
7446,14.7
7447,38.75
7448,16.28
7449,28.76
7450,39.35
7451,16.24
7452,38.77
7453,44
7454,40.93
7455,28.24
7456,32.11
7457,47.82
7458,50.21
7459,49.69
7460,45.2
7461,53.59
7462,42.78
7463,42.24
7464,49.15
7465,47.87
7466,28.5
7467,18.9
7468,31.24
7469,43.73
7470,34.06
7471,24.43
7472,47.87
7473,21.7
7474,42.96
7475,36.91
7476,41.55
7477,37.48
7478,17.57
7479,40.85
7480,34.35
7481,34.34
7482,33.72
7483,43.13
7484,35.63
7485,16.36
7486,28.23
7487,45.77
7488,37.03
7489,25.2
7490,12.29
7491,35.17
7492,43.45
7493,31.56
7494,44.99
7495,42.98
7496,46.6
7497,34.05
7498,43.67
7499,29.65
7500,16.33
7501,33.55
7502,42.38
7503,38.97
7504,29.23
7505,36.05
7506,42.38
7507,33.28
7508,29.77
7509,45.83
7510,38.4
7511,17.39
7512,30.17
7513,46.05
7514,43.61
7515,48.13
7516,25.81
7517,34.88
7518,17.42
7519,35.07
7520,30.25
7521,27.12
7522,29.3
7523,43.94
7524,38.57
7525,28.37
7526,25.95
7527,36.37
7528,42.42
7529,15.01
7530,15.31
7531,17.38
7532,41.92
7533,37.35
7534,44.63
7535,44.6
7536,24.5
7537,16.63
7538,52.12
7539,41.15
7540,32.48
7541,26.87
7542,28.05
7543,34.46
7544,48.02
7545,47.95
7546,18.41
7547,25.95
7548,39.45
7549,28.61
7550,32.22
7551,41.81
7552,44.44
7553,48.75
7554,38.74
7555,54.3
7556,43.05
7557,45.74
7558,35.46
7559,38.05
7560,47.03
7561,41.97
7562,48.39
7563,35.28
7564,40.26
7565,27.97
7566,40.34
7567,38.35
7568,51.77
7569,17.71
7570,20.54
7571,42.29
7572,38.91
7573,58.98
7574,44.5
7575,29.76
7576,30.63
7577,35.29
7578,26.23
7579,17.13
7580,15.05
7581,34.58
7582,42.41
7583,31.95
7584,48.16
7585,48.65
7586,34.92
7587,21.33
7588,45.67
7589,18.1
7590,47.92
7591,36.6
7592,26.62
7593,48.32
7594,42.24
7595,38.75
7596,44.83
7597,52.93
7598,31.11
7599,34.32
7600,41.39
7601,36.02
7602,34.28
7603,37.38
7604,41.92
7605,28.27
7606,39.05
7607,37.23
7608,51.2
7609,53.37
7610,35.44
7611,48.81
7612,34.81
7613,34.79
7614,33.87
7615,16.1
7616,47.05
7617,26.05
7618,39.14
7619,34.09
7620,28.63
7621,52.78
7622,25.52
7623,42.12
7624,25.55
7625,43.08
7626,45.3
7627,43.19
7628,35.44
7629,34.81
7630,32.76
7631,36.11
7632,40.67
7633,25.91
7634,37.5
7635,18.22
7636,41.58
7637,44.54
7638,15.05
7639,35.28
7640,24.94
7641,16.1
7642,42.72
7643,44.54
7644,40.47
7645,15.43
7646,14.8
7647,36.11
7648,35.38
7649,27.45
7650,48.68
7651,37.06
7652,29
7653,44.11
7654,46.6
7655,33.98
7656,46.3
7657,42.75
7658,43.74
7659,46.39
7660,41.71
7661,29.96
7662,38
7663,39.18
7664,38.54
7665,32.94
7666,35.62
7667,16.82
7668,52.12
7669,35.05
7670,38.78
7671,26.74
7672,37.68
7673,30.55
7674,19.97
7675,14.32
7676,30.34
7677,21.53
7678,42.6
7679,44.74
7680,42.93
7681,38.97
7682,48.94
7683,38.55
7684,35.38
7685,44.64
7686,34.02
7687,18.83
7688,18.18
7689,39.4
7690,19.41
7691,21.73
7692,47.83
7693,36.83
7694,34.92
7695,35.72
7696,52.98
7697,23.26
7698,43.73
7699,41.38
7700,47.27
7701,42.42
7702,35.75
7703,46.92
7704,29.28
7705,36.21
7706,43.8
7707,44.59
7708,35.72
7709,34.21
7710,35.65
7711,33.22
7712,58.99
7713,29.59
7714,34.88
7715,39.38
7716,17.08
7717,15.67
7718,51.61
7719,26.97
7720,40.79
7721,28.48
7722,42.1
7723,35.33
7724,35.5
7725,27.29
7726,47.11
7727,34.79
7728,47.23
7729,51.28
7730,41.77
7731,40.73
7732,25.6
7733,53.9
7734,15
7735,33.58
7736,17.49
7737,52.34
7738,54.4
7739,45.31
7740,33.69
7741,15.45
7742,34
7743,42.24
7744,41.77
7745,25.76
7746,20.63
7747,34.99
7748,35.55
7749,42.68
7750,35.5
7751,32.5
7752,35.62
7753,22.14
7754,42.62
7755,44.63
7756,39.73
7757,35.65
7758,44.32
7759,35.97
7760,44.29
7761,42.51
7762,51.28
7763,16.53
7764,58.39
7765,34.82
7766,42.93
7767,40.41
7768,38.78
7769,35.71
7770,35.76
7771,33.25
7772,46.31
7773,47.18
7774,48.23
7775,43.05
7776,39.38
7777,38.97
7778,30.35
7779,32.35
7780,15.16
7781,35.65
7782,47.04
7783,15.67
7784,35.65
7785,50.97
7786,38.19
7787,43.05
7788,43.62
7789,35.65
7790,28.6
7791,37.14
7792,47.04
7793,39.69
7794,18.58
7795,35.48
7796,61.51
7797,40.22
7798,18.38
7799,14.48
7800,43.18
7801,15.18
7802,26.59
7803,44.74
7804,38.78
7805,41.63
7806,34.5
7807,15
7808,36.12
7809,37.4
7810,43.38
7811,27.88
7812,27.12
7813,16.9
7814,35.62
7815,48.02
7816,19.1
7817,31.17
7818,27.03
7819,47.49
7820,45.24
7821,25.56
7822,58.19
7823,15.16
7824,50.86
7825,16.56
7826,50.63
7827,25.87
7828,42.05
7829,27.65
7830,48.89
7831,27.52
7832,35.72
7833,39.38
7834,44.32
7835,34.39
7836,54.42
7837,28.79
7838,34.45
7839,34.23
7840,33.58
7841,40.32
7842,14.48
7843,15.47
7844,37.38
7845,48.68
7846,35.02
7847,39.38
7848,27.83
7849,17.1
7850,37.26
7851,35.71
7852,41.63
7853,41.11
7854,42.16
7855,49.17
7856,27.36
7857,14.83
7858,35.01
7859,44.74
7860,14.69
7861,41.32
7862,35.69
7863,29.9
7864,41.22
7865,27.43
7866,32.76
7867,34.57
7868,24.49
7869,29.12
7870,35.38
7871,26.07
7872,39.63
7873,35.18
7874,39.76
7875,45.46
7876,35.35
7877,15.53
7878,28.29
7879,19.08
7880,27.37
7881,33.34
7882,33.7
7883,47.47
7884,29.24
7885,45.94
7886,14.86
7887,40.83
7888,48.15
7889,40.66
7890,45.04
7891,41.46
7892,23.23
7893,33.18
7894,34.71
7895,50.29
7896,49.2
7897,43.63
7898,38.29
7899,27.35
7900,15.53
7901,38.39
7902,24.44
7903,16.01
7904,45.6
7905,45.52
7906,38.48
7907,58.39
7908,21.9
7909,41.46
7910,46.48
7911,16.01
7912,47.27
7913,35.35
7914,20.28
7915,28.87
7916,46.42
7917,36.64
7918,41.25
7919,36.04
7920,31.08
7921,36.67
7922,26.75
7923,41.61
7924,46.8
7925,47.47
7926,41.38
7927,34.92
7928,35.69
7929,38.34
7930,35.9
7931,52.34
7932,43.43
7933,28.29
7934,47.12
7935,36.96
7936,48.83
7937,15
7938,48.32
7939,34.29
7940,38.48
7941,17.45
7942,32.97
7943,41.11
7944,30.6
7945,45.24
7946,34.81
7947,13.35
7948,46.33
7949,17.48
7950,39.26
7951,32.86
7952,27.03
7953,58.19
7954,35.31
7955,48.61
7956,43.51
7957,28.22
7958,47.27
7959,27.56
7960,48.83
7961,34.71
7962,25.8
7963,43.31
7964,42.49
7965,47.11
7966,47.11
7967,16.01
7968,14.41
7969,41.3
7970,46.63
7971,38.51
7972,21.23
7973,43.51
7974,46.23
7975,37.36
7976,40.84
7977,41.61
7978,45.27
7979,31.33
7980,16.29
7981,43.08
7982,34.16
7983,34.42
7984,30.88
7985,47.49
7986,36.8
7987,48.33
7988,38.48
7989,38.48
7990,15.89
7991,18.63
7992,16.39
7993,55.23
7994,44.44
7995,31.66
7996,34.99
7997,42.26
7998,46.84
7999,32.63
8000,16.09
8001,34.8
8002,37.2
8003,34.16
8004,38.25
8005,42.74
8006,45.96
8007,16.81
8008,34.09
8009,15.47
8010,48.89
8011,15.34
8012,34.99
8013,37.62
8014,35.35
8015,27.35
8016,38.91
8017,39.36
8018,49.21
8019,30.56
8020,25.48
8021,34.72
8022,26.7
8023,25.51
8024,15.53
8025,40.71
8026,46.53
8027,35.65
8028,42.74
8029,30
8030,45
8031,23.23
8032,35.89
8033,40.47
8034,43.43
8035,26.89
8036,46.85
8037,48.49
8038,16.47
8039,31.75
8040,48.99
8041,15.31
8042,44.44
8043,25.96
8044,32.87
8045,32.47
8046,35.54
8047,53.88
8048,43.63
8049,27.92
8050,37.92
8051,38.48
8052,24.28
8053,35.26
8054,53.9
8055,45.14
8056,17.52
8057,34.99
8058,30.88
8059,33.14
8060,48.63
8061,34.1
8062,35.59
8063,48.63
8064,36.45
8065,42.74
8066,17.52
8067,22.08
8068,38.29
8069,46.8
8070,17.07
8071,52.09
8072,53.9
8073,44.44
8074,44.01
8075,19.04
8076,24.76
8077,25.25
8078,17.37
8079,15.37
8080,46.43
8081,47.34
8082,30.81
8083,45.68
8084,46.56
8085,27.04
8086,14.57
8087,34.99
8088,27.36
8089,15.37
8090,43.02
8091,43.03
8092,35.65
8093,48.63
8094,52.99
8095,29.57
8096,14.1
8097,15.53
8098,35.35
8099,17.25
8100,38.19
8101,44.09
8102,16.01
8103,51.42
8104,44.4
8105,33.07
8106,35.11
8107,39.62
8108,40.44
8109,16.09
8110,36.29
8111,39.03
8112,48.88
8113,45.99
8114,26.6
8115,47.49
8116,37.84
8117,18.12
8118,45.21
8119,53.88
8120,36.29
8121,27.36
8122,32.83
8123,45.25
8124,24.32
8125,34.57
8126,21.19
8127,37.9
8128,30.16
8129,58.39
8130,30.81
8131,38.48
8132,27.45
8133,35.35
8134,26.98
8135,16.01
8136,35.33
8137,46.6
8138,45.21
8139,43.11
8140,21.67
8141,34.14
8142,16.01
8143,34.05
8144,46.37
8145,49.54
8146,42.33
8147,47.54
8148,21.9
8149,47.46
8150,50.41
8151,22.77
8152,29.98
8153,14.69
8154,34.51
8155,18.23
8156,47.31
8157,43.31
8158,40.59
8159,17.07
8160,44.78
8161,49.23
8162,51.61
8163,48.63
8164,41.53
8165,20.36
8166,40.28
8167,56.11
8168,34.08
8169,34.99
8170,25.25
8171,47.27
8172,27.6
8173,40.6
8174,28.73
8175,29.24
8176,47.5
8177,17.29
8178,17.07
8179,39.93
8180,47.95
8181,18.76
8182,30.81
8183,17.99
8184,34.54
8185,52.98
8186,17.61
8187,36.49
8188,28.56
8189,14.27
8190,47.48
8191,15.53
8192,20.08
8193,34.52
8194,43.95
8195,23.33
8196,48.63
8197,44.51
8198,43.53
8199,39.53
8200,21.99
8201,48.33
8202,31.08
8203,19.05
8204,42.39
8205,32.75
8206,54.83
8207,58.39
8208,49.23
8209,56.17
8210,62.17
8211,16.94
8212,28.29
8213,41.61
8214,40.62
8215,37.99
8216,39.08
8217,40.12
8218,26.45
8219,36.29
8220,24.44
8221,44.44
8222,34.92
8223,34.05
8224,48.85
8225,33.5
8226,48.02
8227,51.16
8228,35.91
8229,15.47
8230,50.61
8231,41.11
8232,45.44
8233,46.8
8234,44.44
8235,37.21
8236,35.84
8237,39.12
8238,15.65
8239,22.96
8240,48.16
8241,27.93
8242,50.72
8243,39.08
8244,43.51
8245,52.93
8246,38.29
8247,34.8
8248,48.63
8249,39.62
8250,16.38
8251,47.71
8252,46.16
8253,35.17
8254,44.44
8255,38.49
8256,18.4
8257,34.99
8258,39.91
8259,38.38
8260,33
8261,42.51
8262,35.33
8263,28.29
8264,42.51
8265,17.37
8266,53.54
8267,46.34
8268,25.25
8269,35.12
8270,18.23
8271,14.57
8272,39.28
8273,15.53
8274,43.95
8275,17.32
8276,40.56
8277,44.15
8278,17.61
8279,25.09
8280,47.57
8281,24.11
8282,19.62
8283,34.7
8284,33.99
8285,21.02
8286,29.21
8287,32.38
8288,33.99
8289,27.57
8290,16.09
8291,16.01
8292,35.82
8293,41.45
8294,22.08
8295,42.36
8296,36.12
8297,45.57
8298,29.9
8299,38.79
8300,17.45
8301,49.18
8302,38.18
8303,34.13
8304,49.1
8305,41.72
8306,41.45
8307,49.1
8308,27.09
8309,46.5
8310,49.32
8311,42.46
8312,27.41
8313,43.95
8314,28.52
8315,37.66
8316,35.05
8317,43.76
8318,42.66
8319,17.7
8320,22.78
8321,40.75
8322,25.96
8323,46.49
8324,53.09
8325,49.36
8326,42.27
8327,29.91
8328,44.41
8329,30
8330,27.03
8331,42.71
8332,48.46
8333,48.45
8334,39.7
8335,48.63
8336,32.86
8337,45.34
8338,38.7
8339,27.37
8340,41.17
8341,21.67
8342,36.59
8343,34.67
8344,44.57
8345,44.34
8346,27.26
8347,42.05
8348,51.8
8349,34.85
8350,21.91
8351,47.44
8352,34.53
8353,41.05
8354,46.61
8355,46.29
8356,46.55
8357,40.35
8358,35.7
8359,37.25
8360,41.44
8361,27.04
8362,46.98
8363,48.61
8364,37.36
8365,18.49
8366,34.25
8367,33.14
8368,43.44
8369,39.02
8370,36.42
8371,49.85
8372,43.34
8373,34.2
8374,27.94
8375,35.48
8376,19.06
8377,37.65
8378,30.26
8379,42.46
8380,40.96
8381,33.51
8382,45.57
8383,21.19
8384,44.46
8385,41.45
8386,29.43
8387,46.51
8388,38.71
8389,38.61
8390,32.1
8391,35.12
8392,61.64
8393,33.1
8394,36.19
8395,38.79
8396,36.63
8397,44.46
8398,36.93
8399,55.39
8400,42.26
8401,38.81
8402,35.12
8403,45.86
8404,27.71
8405,49.76
8406,44.13
8407,46.1
8408,37.3
8409,40.78
8410,28.19
8411,40.48
8412,21.24
8413,37.21
8414,35.93
8415,42.97
8416,31.41
8417,34.33
8418,34.89
8419,47.86
8420,36.5
8421,39.63
8422,39.34
8423,17.64
8424,17.18
8425,34.08
8426,41.45
8427,27.49
8428,34.99
8429,46.56
8430,28.05
8431,42.86
8432,27.14
8433,42.5
8434,38.65
8435,31.36
8436,34.91
8437,46.65
8438,43.08
8439,22.22
8440,30.9
8441,23.25
8442,34.93
8443,16.12
8444,30.11
8445,41.23
8446,49.39
8447,43.01
8448,43.11
8449,31.24
8450,58.47
8451,14.23
8452,43.72
8453,36.28
8454,42.27
8455,58.55
8456,44.1
8457,48.96
8458,30.38
8459,16.12
8460,36.02
8461,43.78
8462,15.76
8463,35.11
8464,35.64
8465,18.34
8466,46.39
8467,35.11
8468,45.98
8469,47.62
8470,41.23
8471,31.69
8472,34.29
8473,39.14
8474,60.79
8475,36.06
8476,17.59
8477,34.14
8478,38.84
8479,17.3
8480,33
8481,38.84
8482,43.19
8483,18.12
8484,55.8
8485,38.92
8486,51.04
8487,31.46
8488,52.75
8489,40.75
8490,18.88
8491,36.77
8492,37.85
8493,44.09
8494,32.35
8495,36.77
8496,49.19
8497,46.16
8498,45
8499,15.76
8500,31.76
8501,47.69
8502,42.5
8503,34.4
8504,19.13
8505,53.88
8506,42.77
8507,53.02
8508,48.09
8509,48.63
8510,15.29
8511,18.59
8512,39.55
8513,63.76
8514,50.13
8515,14.55
8516,36.98
8517,34.44
8518,18.19
8519,15.64
8520,41.57
8521,45.33
8522,19.93
8523,17.64
8524,44.43
8525,22.1
8526,46.36
8527,38.56
8528,46.68
8529,15.74
8530,51.6
8531,18.52
8532,32.44
8533,26.33
8534,43.25
8535,33.44
8536,44.36
8537,16.22
8538,42.93
8539,36.17
8540,28.2
8541,15.39
8542,38.57
8543,17.25
8544,38.6
8545,46.29
8546,35.94
8547,37.87
8548,14.75
8549,51.3
8550,30.09
8551,48.55
8552,38.54
8553,18.32
8554,25.23
8555,41.54
8556,42.04
8557,48.97
8558,43.04
8559,57.09
8560,15.95
8561,45.57
8562,42.59
8563,35.44
8564,41.59
8565,46.49
8566,14.94
8567,30.19
8568,43.04
8569,42.03
8570,21.6
8571,41.96
8572,24.48
8573,17.28
8574,42.29
8575,43.33
8576,28.38
8577,41.87
8578,34.91
8579,42.93
8580,36.91
8581,42.04
8582,43.13
8583,40.86
8584,35.84
8585,43.04
8586,41.78
8587,41.58
8588,43.88
8589,44.36
8590,21.6
8591,42.59
8592,36.91
8593,35.94
8594,38.36
8595,23.55
8596,30.42
8597,45.13
8598,43.72
8599,39.17
8600,49.76
8601,37.68
8602,28.23
8603,20.93
8604,29.97
8605,54.96
8606,31.22
8607,41.71
8608,28.69
8609,29.07
8610,55.77
8611,63.41
8612,37.09
8613,41.96
8614,60.95
8615,37.63
8616,37.97
8617,54.96
8618,22.65
8619,50.89
8620,51.08
8621,29.02
8622,17.83
8623,34.11
8624,18.49
8625,23.47
8626,35.36
8627,24.38
8628,42.2
8629,14.42
8630,27.74
8631,50.22
8632,37.44
8633,49.03
8634,29.46
8635,63.27
8636,37.31
8637,34.81
8638,48.67
8639,43
8640,35.64
8641,42.85
8642,61.54
8643,43.21
8644,48.59
8645,46.39
8646,38.23
8647,49.54
8648,44.49
8649,21.87
8650,16.78
8651,35.29
8652,39.3
8653,13.68
8654,36.71
8655,48.94
8656,40.59
8657,38.39
8658,29.42
8659,18.93
8660,28.35
8661,35.16
8662,38.39
8663,46.6
8664,14.01
8665,44.97
8666,39.98
8667,43.41
8668,49.44
8669,59.5
8670,14.79
8671,38.98
8672,28.03
8673,44.77
8674,45.28
8675,40.88
8676,19.55
8677,45.4
8678,15.01
8679,35.63
8680,13.99
8681,40.86
8682,50.44
8683,36.93
8684,43.51
8685,26.7
8686,26.29
8687,19.29
8688,37.8
8689,34.58
8690,15.69
8691,38.04
8692,42.31
8693,28.16
8694,24.88
8695,35.28
8696,25.45
8697,16.45
8698,35.67
8699,44.87
8700,21.81
8701,34.69
8702,39.22
8703,20.28
8704,47.13
8705,15.69
8706,46.59
8707,37.79
8708,44.16
8709,48.42
8710,47.81
8711,41.4
8712,45.43
8713,37.09
8714,33.79
8715,34.45
8716,14.3
8717,37.76
8718,33.84
8719,25.82
8720,42.89
8721,36.96
8722,35.16
8723,38.39
8724,14.1
8725,34.45
8726,14.39
8727,52.44
8728,46.73
8729,35.11
8730,48.92
8731,18.4
8732,53.62
8733,47.86
8734,36.08
8735,44.46
8736,44.75
8737,38.81
8738,60.83
8739,33
8740,28.22
8741,35.28
8742,16.08
8743,59.36
8744,50.23
8745,42.33
8746,44.87
8747,14.05
8748,47.07
8749,51.98
8750,28.97
8751,35.66
8752,34.5
8753,27.27
8754,35.06
8755,37.31
8756,46.55
8757,42.98
8758,38.61
8759,35.5
8760,26.25
8761,45.09
8762,45.48
8763,44.79
8764,38.57
8765,54.28
8766,39.85
8767,36.37
8768,43.08
8769,39.17
8770,38.87
8771,18.33
8772,29.64
8773,47.17
8774,37.25
8775,15.77
8776,29.11
8777,58.28
8778,38.96
8779,19.73
8780,18.86
8781,47.38
8782,52.14
8783,35.15
8784,29.02
8785,43.19
8786,43.47
8787,32.86
8788,61.92
8789,26.63
8790,40.08
8791,39.01
8792,38.78
8793,58.98
8794,34.53
8795,37
8796,17.19
8797,45.36
8798,14.78
8799,49.94
8800,39.91
8801,50.15
8802,31.77
8803,26.72
8804,17.58
8805,45.14
8806,39.99
8807,29.9
8808,35.66
8809,19.19
8810,36.96
8811,42.72
8812,48.07
8813,17.77
8814,37.04
8815,40.64
8816,47.06
8817,45.16
8818,43.44
8819,34.24
8820,17.03
8821,15.43
8822,30.59
8823,37.99
8824,35.37
8825,44.82
8826,15.65
8827,45.25
8828,39.56
8829,48.45
8830,37.5
8831,49.04
8832,44.46
8833,15.9
8834,45.07
8835,54.49
8836,46.85
8837,42.67
8838,50.97
8839,54.05
8840,15.9
8841,26.77
8842,41.2
8843,34.71
8844,38.78
8845,52.62
8846,25.55
8847,52.15
8848,33.81
8849,26.93
8850,56.35
8851,49.04
8852,26.25
8853,34.7
8854,26.93
8855,43.86
8856,36.69
8857,49.83
8858,17.95
8859,53.49
8860,61.69
8861,26.45
8862,53.5
8863,52.7
8864,32.88
8865,39.3
8866,31.55
8867,16.07
8868,28.21
8869,25.78
8870,41.7
8871,46.19
8872,41.81
8873,14.01
8874,19.68
8875,27.34
8876,19.13
8877,46.79
8878,26.41
8879,27.51
8880,40.5
8881,30.77
8882,42.76
8883,47.04
8884,38.18
8885,45.8
8886,22.57
8887,16.07
8888,26.89
8889,37
8890,50.45
8891,41.7
8892,15.67
8893,15.71
8894,37.99
8895,16
8896,37.17
8897,37.28
8898,14.81
8899,18.62
8900,28.43
8901,21.37
8902,42.94
8903,31.04
8904,42.46
8905,40.55
8906,26.38
8907,42.68
8908,26.49
8909,29.3
8910,51.37
8911,44.16
8912,47.15
8913,39.53
8914,57.32
8915,35.78
8916,34.18
8917,16.15
8918,22.57
8919,25.64
8920,28.47
8921,42.46
8922,65.51
8923,49.79
8924,43.98
8925,34.99
8926,34.99
8927,39.27
8928,44.35
8929,45.05
8930,43.92
8931,15.71
8932,41.91
8933,60.76
8934,48.22
8935,18.36
8936,48.54
8937,32.85
8938,43.92
8939,46.94
8940,22.57
8941,48.34
8942,57.23
8943,16.48
8944,15.51
8945,39.72
8946,35.17
8947,31.39
8948,44.76
8949,20.97
8950,19.07
8951,26.55
8952,39.6
8953,49.14
8954,42.04
8955,39.9
8956,48.16
8957,45
8958,42.46
8959,25.84
8960,45.95
8961,38.79
8962,45.87
8963,15.86
8964,46.86
8965,47.44
8966,30.61
8967,41.72
8968,34.45
8969,37.4
8970,26.75
8971,56.38
8972,53.1
8973,38.69
8974,38.32
8975,21.92
8976,26.27
8977,15.54
8978,66.07
8979,46.2
8980,29.01
8981,23.53
8982,15.5
8983,15.11
8984,68.39
8985,45.31
8986,46.9
8987,40.78
8988,27.98
8989,27.96
8990,15.02
8991,22.89
8992,36.28
8993,42.61
8994,39.02
8995,12.42
8996,33.72
8997,44.39
8998,47.63
8999,51.28
9000,50.58
9001,29.26
9002,55.34
9003,45.78
9004,14.92
9005,46.2
9006,27.85
9007,31.34
9008,34.05
9009,37.27
9010,37.23
9011,18.9
